{"cameraMode":{"drawMode":0,"name":"Shaded","section":"Shading Mode"},"sceneLighting":true,"audioPlay":false,"sceneViewState":{"m_AlwaysRefresh":false,"showFog":true,"showSkybox":true,"showFlares":true,"showImageEffects":true,"showParticleSystems":true,"showVisualEffectGraphs":true,"m_FxEnabled":true},"in2DMode":false,"pivot":{"x":-1.4299116134643555,"y":-1.6574368476867676,"z":2.826968193054199},"rotation":{"x":0.34272390604019167,"y":1.8573436477709039e-7,"z":0.000014055015526537318,"w":0.9394518733024597},"size":8.601974487304688,"orthographic":false}