{"cameraMode":{"drawMode":0,"name":"Shaded","section":"Shading Mode"},"sceneLighting":true,"audioPlay":false,"sceneViewState":{"m_AlwaysRefresh":false,"showFog":true,"showSkybox":true,"showFlares":true,"showImageEffects":true,"showParticleSystems":true,"showVisualEffectGraphs":true,"m_FxEnabled":true},"in2DMode":false,"pivot":{"x":1.2138850688934327,"y":-1.0759913921356202,"z":3.3104426860809328},"rotation":{"x":0.017987241968512536,"y":0.9568119049072266,"z":-0.2837638556957245,"w":0.06064821407198906},"size":5.226837635040283,"orthographic":false}